metadata.robotTeam,startingZone.start1.avg,startingZone.start2.avg,startingZone.start3.avg,pickupLocation.source1.avg,pickupLocation.source2.avg,pickupLocation.ground1.avg,pickupLocation.ground2.avg,pickupLocation.ground3.avg,placement.deposit1.avg,placement.deposit2.avg,placement.deposit3.avg,placement.deposit4.avg,placement.deposit5.avg,placement.deposit6.avg,climb.park.avg,climb.shallow.avg,climb.deep.avg,autoScoreRightReef.avg,autoScoreLeftReef.avg,autoCoral.L1.min,autoCoral.L1.max,autoCoral.L1.avg,autoCoral.L1.std,autoCoral.L1.min.drop1,autoCoral.L1.max.drop1,autoCoral.L1.avg.drop1,autoCoral.L1.std.drop1,autoCoral.L1.min.drop2,autoCoral.L1.max.drop2,autoCoral.L1.avg.drop2,autoCoral.L1.std.drop2,autoCoral.L2.min,autoCoral.L2.max,autoCoral.L2.avg,autoCoral.L2.std,autoCoral.L2.min.drop1,autoCoral.L2.max.drop1,autoCoral.L2.avg.drop1,autoCoral.L2.std.drop1,autoCoral.L2.min.drop2,autoCoral.L2.max.drop2,autoCoral.L2.avg.drop2,autoCoral.L2.std.drop2,autoCoral.L3.min,autoCoral.L3.max,autoCoral.L3.avg,autoCoral.L3.std,autoCoral.L3.min.drop1,autoCoral.L3.max.drop1,autoCoral.L3.avg.drop1,autoCoral.L3.std.drop1,autoCoral.L3.min.drop2,autoCoral.L3.max.drop2,autoCoral.L3.avg.drop2,autoCoral.L3.std.drop2,autoCoral.L4.min,autoCoral.L4.max,autoCoral.L4.avg,autoCoral.L4.std,autoCoral.L4.min.drop1,autoCoral.L4.max.drop1,autoCoral.L4.avg.drop1,autoCoral.L4.std.drop1,autoCoral.L4.min.drop2,autoCoral.L4.max.drop2,autoCoral.L4.avg.drop2,autoCoral.L4.std.drop2,teleCoral.L1.min,teleCoral.L1.max,teleCoral.L1.avg,teleCoral.L1.std,teleCoral.L1.min.drop1,teleCoral.L1.max.drop1,teleCoral.L1.avg.drop1,teleCoral.L1.std.drop1,teleCoral.L1.min.drop2,teleCoral.L1.max.drop2,teleCoral.L1.avg.drop2,teleCoral.L1.std.drop2,teleCoral.L2.min,teleCoral.L2.max,teleCoral.L2.avg,teleCoral.L2.std,teleCoral.L2.min.drop1,teleCoral.L2.max.drop1,teleCoral.L2.avg.drop1,teleCoral.L2.std.drop1,teleCoral.L2.min.drop2,teleCoral.L2.max.drop2,teleCoral.L2.avg.drop2,teleCoral.L2.std.drop2,teleCoral.L3.min,teleCoral.L3.max,teleCoral.L3.avg,teleCoral.L3.std,teleCoral.L3.min.drop1,teleCoral.L3.max.drop1,teleCoral.L3.avg.drop1,teleCoral.L3.std.drop1,teleCoral.L3.min.drop2,teleCoral.L3.max.drop2,teleCoral.L3.avg.drop2,teleCoral.L3.std.drop2,teleCoral.L4.min,teleCoral.L4.max,teleCoral.L4.avg,teleCoral.L4.std,teleCoral.L4.min.drop1,teleCoral.L4.max.drop1,teleCoral.L4.avg.drop1,teleCoral.L4.std.drop1,teleCoral.L4.min.drop2,teleCoral.L4.max.drop2,teleCoral.L4.avg.drop2,teleCoral.L4.std.drop2,autoAlgae.netRobot.min,autoAlgae.netRobot.max,autoAlgae.netRobot.avg,autoAlgae.netRobot.std,autoAlgae.netRobot.min.drop1,autoAlgae.netRobot.max.drop1,autoAlgae.netRobot.avg.drop1,autoAlgae.netRobot.std.drop1,autoAlgae.netRobot.min.drop2,autoAlgae.netRobot.max.drop2,autoAlgae.netRobot.avg.drop2,autoAlgae.netRobot.std.drop2,autoAlgae.processor.min,autoAlgae.processor.max,autoAlgae.processor.avg,autoAlgae.processor.std,autoAlgae.processor.min.drop1,autoAlgae.processor.max.drop1,autoAlgae.processor.avg.drop1,autoAlgae.processor.std.drop1,autoAlgae.processor.min.drop2,autoAlgae.processor.max.drop2,autoAlgae.processor.avg.drop2,autoAlgae.processor.std.drop2,autoAlgae.remove.min,autoAlgae.remove.max,autoAlgae.remove.avg,autoAlgae.remove.std,autoAlgae.remove.min.drop1,autoAlgae.remove.max.drop1,autoAlgae.remove.avg.drop1,autoAlgae.remove.std.drop1,autoAlgae.remove.min.drop2,autoAlgae.remove.max.drop2,autoAlgae.remove.avg.drop2,autoAlgae.remove.std.drop2,teleAlgae.netRobot.min,teleAlgae.netRobot.max,teleAlgae.netRobot.avg,teleAlgae.netRobot.std,teleAlgae.netRobot.min.drop1,teleAlgae.netRobot.max.drop1,teleAlgae.netRobot.avg.drop1,teleAlgae.netRobot.std.drop1,teleAlgae.netRobot.min.drop2,teleAlgae.netRobot.max.drop2,teleAlgae.netRobot.avg.drop2,teleAlgae.netRobot.std.drop2,teleAlgae.processor.min,teleAlgae.processor.max,teleAlgae.processor.avg,teleAlgae.processor.std,teleAlgae.processor.min.drop1,teleAlgae.processor.max.drop1,teleAlgae.processor.avg.drop1,teleAlgae.processor.std.drop1,teleAlgae.processor.min.drop2,teleAlgae.processor.max.drop2,teleAlgae.processor.avg.drop2,teleAlgae.processor.std.drop2,teleAlgae.remove.min,teleAlgae.remove.max,teleAlgae.remove.avg,teleAlgae.remove.std,teleAlgae.remove.min.drop1,teleAlgae.remove.max.drop1,teleAlgae.remove.avg.drop1,teleAlgae.remove.std.drop1,teleAlgae.remove.min.drop2,teleAlgae.remove.max.drop2,teleAlgae.remove.avg.drop2,teleAlgae.remove.std.drop2,autoScore.min,autoScore.max,autoScore.avg,autoScore.std,autoScore.min.drop1,autoScore.max.drop1,autoScore.avg.drop1,autoScore.std.drop1,autoScore.min.drop2,autoScore.max.drop2,autoScore.avg.drop2,autoScore.std.drop2,teleScore.min,teleScore.max,teleScore.avg,teleScore.std,teleScore.min.drop1,teleScore.max.drop1,teleScore.avg.drop1,teleScore.std.drop1,teleScore.min.drop2,teleScore.max.drop2,teleScore.avg.drop2,teleScore.std.drop2,endgameScore.min,endgameScore.max,endgameScore.avg,endgameScore.std,endgameScore.min.drop1,endgameScore.max.drop1,endgameScore.avg.drop1,endgameScore.std.drop1,endgameScore.min.drop2,endgameScore.max.drop2,endgameScore.avg.drop2,endgameScore.std.drop2,totalScore.min,totalScore.max,totalScore.avg,totalScore.std,totalScore.min.drop1,totalScore.max.drop1,totalScore.avg.drop1,totalScore.std.drop1,totalScore.min.drop2,totalScore.max.drop2,totalScore.avg.drop2,totalScore.std.drop2,fouls.avg,break.avg,Percent of Matches with No Defense,Percent of Matches with Some Defense,Percent of Matches with Full Defense,Main Defense Type
597.0,0.0,0.25,0.0,0.0,0.0,0.0,0.0,0.0,0.0,0.0,0.0,0.0,0.0,0.0,0.75,0.0,0.0,0.0,0.0,0.0,0.0,0.0,0.0,0.0,0.0,0.0,0.0,,,,,0.0,0.0,0.0,0.0,0.0,0.0,0.0,0.0,,,,,0.0,0.0,0.0,0.0,0.0,0.0,0.0,0.0,,,,,0.0,1.0,0.25,0.5,0.0,0.0,0.0,0.0,,,,,0.0,3.0,0.75,1.5,0.0,0.0,0.0,0.0,,,,,0.0,1.0,0.5,0.5773502691896257,0.0,1.0,0.5,0.7071067811865476,,,,,0.0,1.0,0.25,0.5,0.0,0.0,0.0,0.0,,,,,0.0,5.0,2.0,2.1602468994692865,1.0,2.0,1.5,0.7071067811865476,,,,,0.0,0.0,0.0,0.0,0.0,0.0,0.0,0.0,,,,,0.0,0.0,0.0,0.0,0.0,0.0,0.0,0.0,,,,,0.0,0.0,0.0,0.0,0.0,0.0,0.0,0.0,,,,,0.0,0.0,0.0,0.0,0.0,0.0,0.0,0.0,,,,,0.0,0.0,0.0,0.0,0.0,0.0,0.0,0.0,,,,,0.0,1.0,0.25,0.5,0.0,0.0,0.0,0.0,,,,,0.0,10.0,3.25,4.7169905660283025,0.0,3.0,1.5,2.1213203435596424,,,,,0.0,25.0,14.0,10.424330514074594,14.0,17.0,15.5,2.1213203435596424,,,,,0,2,1.5,1.0,2.0,2.0,2.0,0.0,,,,,0.0,37.0,18.75,15.305227865013967,16.0,22.0,19.0,4.242640687119285,,,,,0.0,0.25,1.0,0.0,0.0,No Defense 
599.0,1.0,0.0,0.0,0.0,0.0,0.0,0.0,0.0,0.0,1.0,0.0,0.0,0.0,0.0,0.0,0.0,0.0,0.0,0.0,0.0,0.0,0.0,,,,,,,,,,0.0,0.0,0.0,,,,,,,,,,0.0,0.0,0.0,,,,,,,,,,0.0,0.0,0.0,,,,,,,,,,2.0,2.0,2.0,,,,,,,,,,0.0,0.0,0.0,,,,,,,,,,0.0,0.0,0.0,,,,,,,,,,3.0,3.0,3.0,,,,,,,,,,0.0,0.0,0.0,,,,,,,,,,0.0,0.0,0.0,,,,,,,,,,0.0,0.0,0.0,,,,,,,,,,0.0,0.0,0.0,,,,,,,,,,0.0,0.0,0.0,,,,,,,,,,1.0,1.0,1.0,,,,,,,,,,0.0,0.0,0.0,,,,,,,,,,19.0,19.0,19.0,,,,,,,,,,0,0,0.0,,,,,,,,,,19.0,19.0,19.0,,,,,,,,,,0.0,0.0,1.0,0.0,0.0,No Defense 
687.0,0.0,1.0,0.0,0.0,0.0,0.0,0.0,0.0,0.0,0.0,0.0,0.0,0.0,0.0,1.0,0.0,0.0,0.0,0.0,0.0,0.0,0.0,0.0,,,,,,,,,0.0,0.0,0.0,0.0,,,,,,,,,0.0,0.0,0.0,0.0,,,,,,,,,0.0,0.0,0.0,0.0,,,,,,,,,0.0,0.0,0.0,0.0,,,,,,,,,0.0,0.0,0.0,0.0,,,,,,,,,2.0,2.0,2.0,0.0,,,,,,,,,0.0,2.0,1.0,1.4142135623730951,,,,,,,,,0.0,0.0,0.0,0.0,,,,,,,,,0.0,0.0,0.0,0.0,,,,,,,,,0.0,0.0,0.0,0.0,,,,,,,,,0.0,0.0,0.0,0.0,,,,,,,,,0.0,0.0,0.0,0.0,,,,,,,,,0.0,0.0,0.0,0.0,,,,,,,,,0.0,0.0,0.0,0.0,,,,,,,,,8.0,18.0,13.0,7.0710678118654755,,,,,,,,,2,2,2.0,0.0,,,,,,,,,10.0,20.0,15.0,7.0710678118654755,,,,,,,,,0.0,0.0,1.0,0.0,0.0,No Defense 
702.0,0.16666666666666666,0.3333333333333333,0.16666666666666666,0.3333333333333333,0.0,0.0,0.0,0.0,0.0,0.0,0.0,0.0,0.16666666666666666,0.0,0.3333333333333333,0.0,0.3333333333333333,0.0,0.0,0.0,0.0,0.0,0.0,0.0,0.0,0.0,0.0,0.0,0.0,0.0,0.0,0.0,0.0,0.0,0.0,0.0,0.0,0.0,0.0,0.0,0.0,0.0,0.0,0.0,0.0,0.0,0.0,0.0,0.0,0.0,0.0,0.0,0.0,0.0,0.0,0.0,1.0,0.3333333333333333,0.5163977794943222,0.0,1.0,0.25,0.5,0.0,0.0,0.0,0.0,0.0,0.0,0.0,0.0,0.0,0.0,0.0,0.0,0.0,0.0,0.0,0.0,0.0,1.0,0.16666666666666666,0.408248290463863,0.0,0.0,0.0,0.0,0.0,0.0,0.0,0.0,0.0,1.0,0.16666666666666666,0.408248290463863,0.0,0.0,0.0,0.0,0.0,0.0,0.0,0.0,2.0,7.0,4.5,1.760681686165901,4.0,6.0,4.5,1.0,4.0,4.0,4.0,0.0,0.0,0.0,0.0,0.0,0.0,0.0,0.0,0.0,0.0,0.0,0.0,0.0,0.0,0.0,0.0,0.0,0.0,0.0,0.0,0.0,0.0,0.0,0.0,0.0,0.0,1.0,0.16666666666666666,0.408248290463863,0.0,0.0,0.0,0.0,0.0,0.0,0.0,0.0,0.0,2.0,0.5,0.8366600265340756,0.0,1.0,0.25,0.5,0.0,0.0,0.0,0.0,0.0,1.0,0.3333333333333333,0.5163977794943223,0.0,1.0,0.25,0.5,0.0,0.0,0.0,0.0,0.0,2.0,1.5,0.8366600265340756,1.0,2.0,1.75,0.5,2.0,2.0,2.0,0.0,0.0,10.0,3.8333333333333335,4.915960401250875,0.0,10.0,3.25,4.716990566028302,0.0,3.0,1.5,2.1213203435596424,20.0,51.0,27.666666666666668,12.909944487358056,20.0,35.0,23.75,7.5,20.0,20.0,20.0,0.0,0,12,4.666666666666667,5.750362307426086,0.0,12.0,4.0,5.41602560309064,2.0,2.0,2.0,0.0,20.0,53.0,36.166666666666664,10.943795807061948,32.0,42.0,36.0,4.242640687119284,35.0,35.0,35.0,0.0,0.0,0.0,1.0,0.0,0.0,No Defense 
968.0,0.0,0.0,0.0,0.0,0.0,0.0,0.0,0.0,0.0,0.0,0.0,0.0,0.0,0.0,1.0,0.0,0.0,0.0,0.0,0.0,0.0,0.0,,,,,,,,,,0.0,0.0,0.0,,,,,,,,,,0.0,0.0,0.0,,,,,,,,,,0.0,0.0,0.0,,,,,,,,,,0.0,0.0,0.0,,,,,,,,,,0.0,0.0,0.0,,,,,,,,,,0.0,0.0,0.0,,,,,,,,,,0.0,0.0,0.0,,,,,,,,,,0.0,0.0,0.0,,,,,,,,,,0.0,0.0,0.0,,,,,,,,,,0.0,0.0,0.0,,,,,,,,,,0.0,0.0,0.0,,,,,,,,,,0.0,0.0,0.0,,,,,,,,,,0.0,0.0,0.0,,,,,,,,,,3.0,3.0,3.0,,,,,,,,,,0.0,0.0,0.0,,,,,,,,,,2,2,2.0,,,,,,,,,,5.0,5.0,5.0,,,,,,,,,,0.0,0.0,1.0,0.0,0.0,No Defense 
980.0,0.5,0.0,0.5,0.5,0.0,0.0,0.5,0.0,0.0,0.0,0.0,0.0,0.0,0.0,0.5,0.0,0.0,0.0,0.0,0.0,0.0,0.0,0.0,,,,,,,,,0.0,0.0,0.0,0.0,,,,,,,,,0.0,0.0,0.0,0.0,,,,,,,,,0.0,0.0,0.0,0.0,,,,,,,,,0.0,3.0,1.5,2.1213203435596424,,,,,,,,,0.0,0.0,0.0,0.0,,,,,,,,,1.0,1.0,1.0,0.0,,,,,,,,,2.0,3.0,2.5,0.7071067811865476,,,,,,,,,0.0,0.0,0.0,0.0,,,,,,,,,0.0,0.0,0.0,0.0,,,,,,,,,0.0,0.0,0.0,0.0,,,,,,,,,0.0,0.0,0.0,0.0,,,,,,,,,0.0,0.0,0.0,0.0,,,,,,,,,1.0,2.0,1.5,0.7071067811865476,,,,,,,,,0.0,3.0,1.5,2.1213203435596424,,,,,,,,,14.0,25.0,19.5,7.7781745930520225,,,,,,,,,0,2,1.0,1.4142135623730951,,,,,,,,,16.0,28.0,22.0,8.48528137423857,,,,,,,,,0.0,0.0,1.0,0.0,0.0,No Defense 
1148.0,0.0,0.0,0.25,0.0,0.25,0.0,0.0,0.0,0.0,0.0,0.25,0.25,0.0,0.0,0.0,0.0,0.25,0.25,0.0,0.0,0.0,0.0,0.0,0.0,0.0,0.0,0.0,,,,,0.0,0.0,0.0,0.0,0.0,0.0,0.0,0.0,,,,,0.0,0.0,0.0,0.0,0.0,0.0,0.0,0.0,,,,,0.0,1.0,0.25,0.5,0.0,0.0,0.0,0.0,,,,,0.0,3.0,0.75,1.5,0.0,0.0,0.0,0.0,,,,,0.0,1.0,0.25,0.5,0.0,0.0,0.0,0.0,,,,,0.0,2.0,0.75,0.9574271077563381,0.0,1.0,0.5,0.7071067811865476,,,,,0.0,2.0,1.5,1.0,2.0,2.0,2.0,0.0,,,,,0.0,0.0,0.0,0.0,0.0,0.0,0.0,0.0,,,,,0.0,0.0,0.0,0.0,0.0,0.0,0.0,0.0,,,,,0.0,0.0,0.0,0.0,0.0,0.0,0.0,0.0,,,,,0.0,3.0,1.5,1.7320508075688772,0.0,3.0,1.5,2.1213203435596424,,,,,0.0,0.0,0.0,0.0,0.0,0.0,0.0,0.0,,,,,0.0,4.0,1.0,2.0,0.0,0.0,0.0,0.0,,,,,3.0,10.0,4.75,3.5,3.0,3.0,3.0,0.0,,,,,13.0,26.0,18.75,5.377421934967226,18.0,18.0,18.0,0.0,,,,,0,12,3.0,6.0,0.0,0.0,0.0,0.0,,,,,16.0,41.0,26.5,10.847426730181986,21.0,28.0,24.5,4.949747468305833,,,,,0.0,0.0,1.0,0.0,0.0,No Defense 
1159.0,0.0,0.0,0.0,0.0,0.0,0.0,1.0,0.0,0.0,0.0,0.0,0.0,0.0,0.0,0.5,0.0,0.0,0.0,0.0,0.0,0.0,0.0,0.0,,,,,,,,,0.0,0.0,0.0,0.0,,,,,,,,,0.0,1.0,0.5,0.7071067811865476,,,,,,,,,0.0,0.0,0.0,0.0,,,,,,,,,0.0,0.0,0.0,0.0,,,,,,,,,0.0,1.0,0.5,0.7071067811865476,,,,,,,,,3.0,5.0,4.0,1.4142135623730951,,,,,,,,,0.0,0.0,0.0,0.0,,,,,,,,,0.0,0.0,0.0,0.0,,,,,,,,,0.0,0.0,0.0,0.0,,,,,,,,,0.0,0.0,0.0,0.0,,,,,,,,,0.0,0.0,0.0,0.0,,,,,,,,,0.0,0.0,0.0,0.0,,,,,,,,,1.0,2.0,1.5,0.7071067811865476,,,,,,,,,3.0,9.0,6.0,4.242640687119285,,,,,,,,,15.0,20.0,17.5,3.5355339059327378,,,,,,,,,0,2,1.0,1.4142135623730951,,,,,,,,,18.0,31.0,24.5,9.192388155425117,,,,,,,,,0.0,0.0,1.0,0.0,0.0,No Defense 
1197.0,0.375,0.125,0.25,0.375,0.125,0.25,0.0,0.0,0.0,0.0,0.0,0.0,0.0,0.0,0.125,0.0,0.5,0.0,0.0,0.0,0.0,0.0,0.0,0.0,0.0,0.0,0.0,0.0,0.0,0.0,0.0,0.0,0.0,0.0,0.0,0.0,0.0,0.0,0.0,0.0,0.0,0.0,0.0,0.0,0.0,0.0,0.0,0.0,0.0,0.0,0.0,0.0,0.0,0.0,0.0,0.0,3.0,1.75,1.0350983390135313,1.0,3.0,1.8333333333333333,0.752772652709081,1.0,2.0,1.75,0.5,0.0,2.0,0.5,0.7559289460184544,0.0,1.0,0.3333333333333333,0.5163977794943222,0.0,1.0,0.25,0.5,0.0,1.0,0.25,0.4629100498862757,0.0,1.0,0.16666666666666666,0.408248290463863,0.0,0.0,0.0,0.0,0.0,6.0,1.375,2.1339098923270936,0.0,3.0,0.8333333333333334,1.1690451944500122,0.0,1.0,0.5,0.5773502691896257,1.0,7.0,4.125,1.9594095320493148,2.0,6.0,4.166666666666667,1.3291601358251257,4.0,5.0,4.25,0.4999999999999999,0.0,0.0,0.0,0.0,0.0,0.0,0.0,0.0,0.0,0.0,0.0,0.0,0.0,0.0,0.0,0.0,0.0,0.0,0.0,0.0,0.0,0.0,0.0,0.0,0.0,0.0,0.0,0.0,0.0,0.0,0.0,0.0,0.0,0.0,0.0,0.0,0.0,4.0,1.375,1.4078859531733587,0.0,2.0,1.1666666666666667,0.983192080250175,0.0,2.0,1.25,0.9574271077563381,0.0,1.0,0.125,0.3535533905932738,0.0,0.0,0.0,0.0,0.0,0.0,0.0,0.0,0.0,4.0,1.0,1.4142135623730951,0.0,2.0,0.6666666666666666,0.816496580927726,0.0,1.0,0.5,0.5773502691896257,0.0,24.0,14.5,7.9642056370093455,10.0,24.0,15.333333333333334,5.278888771954441,10.0,17.0,14.5,3.3166247903554003,18.0,55.0,34.125,16.295814537131044,20.0,55.0,33.333333333333336,15.227168701589495,22.0,50.0,31.25,12.84198842339716,0,12,6.25,6.181770435262516,0.0,12.0,6.333333333333333,6.250333324444918,0.0,12.0,6.5,6.4031242374328485,22.0,81.0,54.875,20.102860492974628,36.0,72.0,56.0,14.546477236774544,42.0,67.0,57.0,11.51810169544733,0.0,0.0,1.0,0.0,0.0,No Defense 
1452.0,0.0,1.0,0.0,0.0,0.0,0.0,0.0,0.0,0.0,1.0,0.0,0.0,0.0,0.0,0.0,0.0,0.0,0.0,0.0,1.0,1.0,1.0,,,,,,,,,,0.0,0.0,0.0,,,,,,,,,,0.0,0.0,0.0,,,,,,,,,,0.0,0.0,0.0,,,,,,,,,,1.0,1.0,1.0,,,,,,,,,,0.0,0.0,0.0,,,,,,,,,,0.0,0.0,0.0,,,,,,,,,,0.0,0.0,0.0,,,,,,,,,,0.0,0.0,0.0,,,,,,,,,,0.0,0.0,0.0,,,,,,,,,,0.0,0.0,0.0,,,,,,,,,,0.0,0.0,0.0,,,,,,,,,,0.0,0.0,0.0,,,,,,,,,,0.0,0.0,0.0,,,,,,,,,,3.0,3.0,3.0,,,,,,,,,,2.0,2.0,2.0,,,,,,,,,,0,0,0.0,,,,,,,,,,5.0,5.0,5.0,,,,,,,,,,0.0,0.0,1.0,0.0,0.0,No Defense 
1515.0,0.5,0.0,0.0,0.5,0.0,0.0,0.0,0.0,0.0,0.5,0.0,0.0,0.0,0.5,0.5,0.0,0.5,0.0,0.5,0.0,0.0,0.0,0.0,,,,,,,,,0.0,0.0,0.0,0.0,,,,,,,,,0.0,0.0,0.0,0.0,,,,,,,,,0.0,0.0,0.0,0.0,,,,,,,,,0.0,1.0,0.5,0.7071067811865476,,,,,,,,,0.0,0.0,0.0,0.0,,,,,,,,,0.0,1.0,0.5,0.7071067811865476,,,,,,,,,0.0,1.0,0.5,0.7071067811865476,,,,,,,,,0.0,0.0,0.0,0.0,,,,,,,,,0.0,0.0,0.0,0.0,,,,,,,,,0.0,0.0,0.0,0.0,,,,,,,,,0.0,0.0,0.0,0.0,,,,,,,,,2.0,3.0,2.5,0.7071067811865476,,,,,,,,,0.0,2.0,1.0,1.4142135623730951,,,,,,,,,3.0,3.0,3.0,0.0,,,,,,,,,18.0,23.0,20.5,3.5355339059327378,,,,,,,,,2,12,7.0,7.0710678118654755,,,,,,,,,23.0,38.0,30.5,10.606601717798213,,,,,,,,,0.6666666666666666,0.0,1.0,0.0,0.0,No Defense 
1661.0,0.5,0.0,0.0,0.5,0.0,0.0,0.0,0.0,0.5,0.0,0.0,0.0,0.0,0.0,0.0,0.0,0.0,0.0,0.5,0.0,0.0,0.0,0.0,,,,,,,,,0.0,0.0,0.0,0.0,,,,,,,,,0.0,0.0,0.0,0.0,,,,,,,,,0.0,1.0,0.5,0.7071067811865476,,,,,,,,,0.0,0.0,0.0,0.0,,,,,,,,,0.0,0.0,0.0,0.0,,,,,,,,,0.0,1.0,0.5,0.7071067811865476,,,,,,,,,4.0,4.0,4.0,0.0,,,,,,,,,0.0,0.0,0.0,0.0,,,,,,,,,0.0,0.0,0.0,0.0,,,,,,,,,0.0,0.0,0.0,0.0,,,,,,,,,0.0,0.0,0.0,0.0,,,,,,,,,0.0,0.0,0.0,0.0,,,,,,,,,0.0,0.0,0.0,0.0,,,,,,,,,3.0,10.0,6.5,4.949747468305833,,,,,,,,,20.0,24.0,22.0,2.8284271247461903,,,,,,,,,0,0,0.0,0.0,,,,,,,,,27.0,30.0,28.5,2.1213203435596424,,,,,,,,,0.3333333333333333,0.0,1.0,0.0,0.0,No Defense 
1759.0,1.0,0.0,0.0,0.0,0.0,0.0,0.0,0.0,0.0,0.0,0.0,0.0,0.0,0.0,1.0,0.0,0.0,0.0,0.0,0.0,0.0,0.0,,,,,,,,,,0.0,0.0,0.0,,,,,,,,,,0.0,0.0,0.0,,,,,,,,,,0.0,0.0,0.0,,,,,,,,,,0.0,0.0,0.0,,,,,,,,,,0.0,0.0,0.0,,,,,,,,,,0.0,0.0,0.0,,,,,,,,,,0.0,0.0,0.0,,,,,,,,,,0.0,0.0,0.0,,,,,,,,,,0.0,0.0,0.0,,,,,,,,,,0.0,0.0,0.0,,,,,,,,,,0.0,0.0,0.0,,,,,,,,,,0.0,0.0,0.0,,,,,,,,,,0.0,0.0,0.0,,,,,,,,,,3.0,3.0,3.0,,,,,,,,,,0.0,0.0,0.0,,,,,,,,,,2,2,2.0,,,,,,,,,,5.0,5.0,5.0,,,,,,,,,,0.0,0.0,1.0,0.0,0.0,No Defense 
1836.0,0.3333333333333333,0.6666666666666666,0.0,0.0,0.0,0.0,0.0,0.0,0.0,0.0,0.0,0.0,0.0,0.0,0.0,0.0,0.0,0.0,0.0,0.0,0.0,0.0,0.0,0.0,0.0,0.0,,,,,,0.0,0.0,0.0,0.0,0.0,0.0,0.0,,,,,,0.0,0.0,0.0,0.0,0.0,0.0,0.0,,,,,,0.0,0.0,0.0,0.0,0.0,0.0,0.0,,,,,,0.0,6.0,2.3333333333333335,3.214550253664318,1.0,1.0,1.0,,,,,,0.0,1.0,0.3333333333333333,0.5773502691896258,0.0,0.0,0.0,,,,,,0.0,0.0,0.0,0.0,0.0,0.0,0.0,,,,,,0.0,0.0,0.0,0.0,0.0,0.0,0.0,,,,,,0.0,0.0,0.0,0.0,0.0,0.0,0.0,,,,,,0.0,0.0,0.0,0.0,0.0,0.0,0.0,,,,,,0.0,0.0,0.0,0.0,0.0,0.0,0.0,,,,,,0.0,0.0,0.0,0.0,0.0,0.0,0.0,,,,,,0.0,2.0,0.6666666666666666,1.1547005383792517,0.0,0.0,0.0,,,,,,0.0,1.0,0.3333333333333333,0.5773502691896258,0.0,0.0,0.0,,,,,,0.0,3.0,1.0,1.7320508075688772,0.0,0.0,0.0,,,,,,0.0,27.0,9.666666666666666,15.044378795195678,2.0,2.0,2.0,,,,,,0,0,0.0,0.0,0.0,0.0,0.0,,,,,,0.0,30.0,10.666666666666666,16.77299416721217,2.0,2.0,2.0,,,,,,0.6666666666666666,0.3333333333333333,1.0,0.0,0.0,No Defense 
2584.0,0.25,0.5,0.25,0.25,0.0,0.0,0.0,0.0,0.0,0.25,0.0,0.25,0.0,0.0,0.25,0.0,0.0,0.25,0.0,0.0,0.0,0.0,0.0,0.0,0.0,0.0,0.0,,,,,0.0,0.0,0.0,0.0,0.0,0.0,0.0,0.0,,,,,0.0,0.0,0.0,0.0,0.0,0.0,0.0,0.0,,,,,0.0,1.0,0.25,0.5,0.0,0.0,0.0,0.0,,,,,0.0,0.0,0.0,0.0,0.0,0.0,0.0,0.0,,,,,0.0,0.0,0.0,0.0,0.0,0.0,0.0,0.0,,,,,0.0,2.0,0.75,0.9574271077563381,0.0,1.0,0.5,0.7071067811865476,,,,,0.0,2.0,1.5,1.0,2.0,2.0,2.0,0.0,,,,,0.0,0.0,0.0,0.0,0.0,0.0,0.0,0.0,,,,,0.0,0.0,0.0,0.0,0.0,0.0,0.0,0.0,,,,,0.0,0.0,0.0,0.0,0.0,0.0,0.0,0.0,,,,,0.0,1.0,0.25,0.5,0.0,0.0,0.0,0.0,,,,,0.0,0.0,0.0,0.0,0.0,0.0,0.0,0.0,,,,,0.0,1.0,0.5,0.5773502691896257,0.0,1.0,0.5,0.7071067811865476,,,,,3.0,7.0,4.0,2.0,3.0,3.0,3.0,0.0,,,,,4.0,18.0,11.5,5.972157622389639,10.0,14.0,12.0,2.8284271247461903,,,,,0,2,0.5,1.0,0.0,0.0,0.0,0.0,,,,,11.0,23.0,16.0,5.291502622129181,13.0,17.0,15.0,2.8284271247461903,,,,,0.0,0.0,1.0,0.0,0.0,No Defense 
2659.0,0.5,0.0,0.25,0.0,0.0,0.0,0.0,0.0,0.0,0.0,0.0,0.25,0.0,0.0,0.0,0.0,0.0,0.25,0.0,0.0,0.0,0.0,0.0,0.0,0.0,0.0,0.0,,,,,0.0,0.0,0.0,0.0,0.0,0.0,0.0,0.0,,,,,0.0,0.0,0.0,0.0,0.0,0.0,0.0,0.0,,,,,0.0,0.0,0.0,0.0,0.0,0.0,0.0,0.0,,,,,0.0,0.0,0.0,0.0,0.0,0.0,0.0,0.0,,,,,0.0,0.0,0.0,0.0,0.0,0.0,0.0,0.0,,,,,0.0,5.0,1.75,2.362907813126304,0.0,2.0,1.0,1.4142135623730951,,,,,2.0,5.0,3.25,1.2583057392117918,3.0,3.0,3.0,0.0,,,,,0.0,0.0,0.0,0.0,0.0,0.0,0.0,0.0,,,,,0.0,0.0,0.0,0.0,0.0,0.0,0.0,0.0,,,,,0.0,0.0,0.0,0.0,0.0,0.0,0.0,0.0,,,,,0.0,0.0,0.0,0.0,0.0,0.0,0.0,0.0,,,,,0.0,0.0,0.0,0.0,0.0,0.0,0.0,0.0,,,,,0.0,2.0,1.0,1.1547005383792515,0.0,2.0,1.0,1.4142135623730951,,,,,0.0,3.0,2.25,1.5,3.0,3.0,3.0,0.0,,,,,10.0,35.0,23.25,10.275375094532235,23.0,25.0,24.0,1.4142135623730951,,,,,0,0,0.0,0.0,0.0,0.0,0.0,0.0,,,,,10.0,38.0,25.5,11.590225767142474,26.0,28.0,27.0,1.4142135623730951,,,,,0.25,0.25,0.75,0.25,0.0,No Defense 
3759.0,0.3333333333333333,0.0,0.3333333333333333,0.0,0.0,0.0,0.0,0.0,0.0,0.0,0.0,0.0,0.0,0.0,0.0,0.0,0.0,0.0,0.0,0.0,0.0,0.0,0.0,0.0,0.0,0.0,,,,,,0.0,0.0,0.0,0.0,0.0,0.0,0.0,,,,,,0.0,0.0,0.0,0.0,0.0,0.0,0.0,,,,,,0.0,0.0,0.0,0.0,0.0,0.0,0.0,,,,,,0.0,2.0,1.0,1.0,1.0,1.0,1.0,,,,,,0.0,2.0,1.3333333333333333,1.1547005383792517,2.0,2.0,2.0,,,,,,0.0,4.0,2.0,2.0,2.0,2.0,2.0,,,,,,0.0,0.0,0.0,0.0,0.0,0.0,0.0,,,,,,0.0,0.0,0.0,0.0,0.0,0.0,0.0,,,,,,0.0,0.0,0.0,0.0,0.0,0.0,0.0,,,,,,0.0,0.0,0.0,0.0,0.0,0.0,0.0,,,,,,0.0,0.0,0.0,0.0,0.0,0.0,0.0,,,,,,0.0,0.0,0.0,0.0,0.0,0.0,0.0,,,,,,1.0,1.0,1.0,0.0,1.0,1.0,1.0,,,,,,3.0,3.0,3.0,0.0,3.0,3.0,3.0,,,,,,6.0,20.0,14.0,7.211102550927978,16.0,16.0,16.0,,,,,,0,0,0.0,0.0,0.0,0.0,0.0,,,,,,9.0,23.0,17.0,7.211102550927978,19.0,19.0,19.0,,,,,,0.0,0.25,1.0,0.0,0.0,No Defense 
3882.0,0.5,0.0,0.16666666666666666,0.16666666666666666,0.16666666666666666,0.16666666666666666,0.0,0.0,0.0,0.0,0.0,0.0,0.0,0.16666666666666666,0.16666666666666666,0.16666666666666666,0.5,0.0,0.16666666666666666,0.0,0.0,0.0,0.0,0.0,0.0,0.0,0.0,0.0,0.0,0.0,0.0,0.0,0.0,0.0,0.0,0.0,0.0,0.0,0.0,0.0,0.0,0.0,0.0,0.0,0.0,0.0,0.0,0.0,0.0,0.0,0.0,0.0,0.0,0.0,0.0,0.0,1.0,0.16666666666666666,0.408248290463863,0.0,0.0,0.0,0.0,0.0,0.0,0.0,0.0,0.0,2.0,0.3333333333333333,0.816496580927726,0.0,0.0,0.0,0.0,0.0,0.0,0.0,0.0,0.0,1.0,0.16666666666666666,0.408248290463863,0.0,0.0,0.0,0.0,0.0,0.0,0.0,0.0,0.0,4.0,0.8333333333333334,1.6020819787597222,0.0,1.0,0.25,0.5,0.0,0.0,0.0,0.0,0.0,3.0,2.0,1.0954451150103324,2.0,3.0,2.25,0.5,2.0,2.0,2.0,0.0,0.0,0.0,0.0,0.0,0.0,0.0,0.0,0.0,0.0,0.0,0.0,0.0,0.0,0.0,0.0,0.0,0.0,0.0,0.0,0.0,0.0,0.0,0.0,0.0,0.0,0.0,0.0,0.0,0.0,0.0,0.0,0.0,0.0,0.0,0.0,0.0,0.0,0.0,0.0,0.0,0.0,0.0,0.0,0.0,0.0,0.0,0.0,0.0,0.0,0.0,0.0,0.0,0.0,0.0,0.0,0.0,0.0,0.0,0.0,0.0,0.0,0.0,0.0,0.0,0.0,0.0,0.0,0.0,0.0,0.0,0.0,0.0,0.0,10.0,3.6666666666666665,3.32665998663324,3.0,3.0,3.0,0.0,3.0,3.0,3.0,0.0,0.0,31.0,14.5,9.853933224860011,13.0,15.0,14.0,0.816496580927726,14.0,14.0,14.0,0.0,0,12,7.333333333333333,5.465040408511785,2.0,12.0,8.0,4.898979485566356,6.0,12.0,9.0,4.242640687119285,3.0,46.0,25.5,13.982131454109563,20.0,29.0,26.0,4.08248290463863,27.0,28.0,27.5,0.7071067811865476,0.0,0.0,1.0,0.0,0.0,No Defense 
4201.0,0.3333333333333333,0.0,0.5,0.0,0.3333333333333333,0.0,0.0,0.0,0.0,0.0,0.5,0.5,0.0,0.0,0.16666666666666666,0.0,0.3333333333333333,0.3333333333333333,0.16666666666666666,0.0,0.0,0.0,0.0,0.0,0.0,0.0,0.0,0.0,0.0,0.0,0.0,0.0,0.0,0.0,0.0,0.0,0.0,0.0,0.0,0.0,0.0,0.0,0.0,0.0,0.0,0.0,0.0,0.0,0.0,0.0,0.0,0.0,0.0,0.0,0.0,1.0,2.0,1.6666666666666667,0.5163977794943222,1.0,2.0,1.75,0.5,2.0,2.0,2.0,0.0,0.0,1.0,0.16666666666666666,0.408248290463863,0.0,0.0,0.0,0.0,0.0,0.0,0.0,0.0,0.0,4.0,0.8333333333333334,1.6020819787597222,0.0,1.0,0.25,0.5,0.0,0.0,0.0,0.0,0.0,4.0,0.8333333333333334,1.6020819787597222,0.0,1.0,0.25,0.5,0.0,0.0,0.0,0.0,1.0,8.0,4.166666666666667,2.316606713852541,3.0,5.0,4.0,0.816496580927726,4.0,4.0,4.0,0.0,0.0,0.0,0.0,0.0,0.0,0.0,0.0,0.0,0.0,0.0,0.0,0.0,0.0,0.0,0.0,0.0,0.0,0.0,0.0,0.0,0.0,0.0,0.0,0.0,0.0,0.0,0.0,0.0,0.0,0.0,0.0,0.0,0.0,0.0,0.0,0.0,0.0,0.0,0.0,0.0,0.0,0.0,0.0,0.0,0.0,0.0,0.0,0.0,0.0,0.0,0.0,0.0,0.0,0.0,0.0,0.0,0.0,0.0,0.0,0.0,0.0,3.0,0.6666666666666666,1.2110601416389966,0.0,1.0,0.25,0.5,0.0,0.0,0.0,0.0,10.0,17.0,14.666666666666666,3.614784456460256,10.0,17.0,15.25,3.5,17.0,17.0,17.0,0.0,15.0,56.0,27.0,14.832396974191326,20.0,28.0,22.75,3.7749172176353745,20.0,23.0,21.5,2.1213203435596424,0,12,4.333333333333333,5.988878581726855,0.0,12.0,3.5,5.744562646538029,0.0,2.0,1.0,1.4142135623730951,32.0,73.0,46.0,14.642404174178502,37.0,50.0,42.75,5.909032633745278,39.0,45.0,42.0,4.242640687119285,2.3333333333333335,0.16666666666666666,1.0,0.0,0.0,No Defense 
4322.0,0.5,0.0,0.0,0.0,0.0,0.0,0.0,0.0,0.5,0.0,0.0,0.0,0.0,0.0,1.0,0.0,0.0,0.0,0.5,0.0,0.0,0.0,0.0,,,,,,,,,0.0,1.0,0.5,0.7071067811865476,,,,,,,,,0.0,0.0,0.0,0.0,,,,,,,,,0.0,0.0,0.0,0.0,,,,,,,,,0.0,0.0,0.0,0.0,,,,,,,,,0.0,3.0,1.5,2.1213203435596424,,,,,,,,,3.0,3.0,3.0,0.0,,,,,,,,,0.0,0.0,0.0,0.0,,,,,,,,,0.0,0.0,0.0,0.0,,,,,,,,,0.0,0.0,0.0,0.0,,,,,,,,,0.0,0.0,0.0,0.0,,,,,,,,,0.0,0.0,0.0,0.0,,,,,,,,,0.0,0.0,0.0,0.0,,,,,,,,,0.0,2.0,1.0,1.4142135623730951,,,,,,,,,3.0,7.0,5.0,2.8284271247461903,,,,,,,,,12.0,21.0,16.5,6.363961030678928,,,,,,,,,2,2,2.0,0.0,,,,,,,,,21.0,26.0,23.5,3.5355339059327378,,,,,,,,,0.0,0.5,1.0,0.0,0.0,No Defense 
4470.0,0.0,1.0,0.0,0.0,0.0,0.0,0.0,0.0,0.0,0.0,0.0,0.0,0.75,0.0,0.25,0.0,0.25,0.0,0.0,0.0,1.0,0.75,0.5,1.0,1.0,1.0,0.0,,,,,0.0,0.0,0.0,0.0,0.0,0.0,0.0,0.0,,,,,0.0,0.0,0.0,0.0,0.0,0.0,0.0,0.0,,,,,0.0,0.0,0.0,0.0,0.0,0.0,0.0,0.0,,,,,0.0,2.0,1.0,0.816496580927726,1.0,1.0,1.0,0.0,,,,,2.0,3.0,2.25,0.49999999999999994,2.0,2.0,2.0,0.0,,,,,0.0,0.0,0.0,0.0,0.0,0.0,0.0,0.0,,,,,0.0,0.0,0.0,0.0,0.0,0.0,0.0,0.0,,,,,0.0,0.0,0.0,0.0,0.0,0.0,0.0,0.0,,,,,0.0,0.0,0.0,0.0,0.0,0.0,0.0,0.0,,,,,0.0,0.0,0.0,0.0,0.0,0.0,0.0,0.0,,,,,0.0,0.0,0.0,0.0,0.0,0.0,0.0,0.0,,,,,0.0,2.0,0.75,0.9574271077563382,0.0,1.0,0.5,0.7071067811865476,,,,,0.0,0.0,0.0,0.0,0.0,0.0,0.0,0.0,,,,,3.0,6.0,5.25,1.5,6.0,6.0,6.0,0.0,,,,,8.0,25.0,13.25,8.05708797684788,8.0,12.0,10.0,2.8284271247461903,,,,,0,12,3.5,5.744562646538028,0.0,2.0,1.0,1.4142135623730951,,,,,13.0,31.0,22.0,8.04155872120988,18.0,26.0,22.0,5.656854249492381,,,,,0.2,0.0,1.0,0.0,0.0,No Defense 
4999.0,0.14285714285714285,0.0,0.14285714285714285,0.0,0.0,0.0,0.0,0.14285714285714285,0.14285714285714285,0.0,0.14285714285714285,0.0,0.0,0.0,0.14285714285714285,0.0,0.2857142857142857,0.14285714285714285,0.14285714285714285,0.0,1.0,0.5714285714285714,0.5345224838248488,0.0,1.0,0.6,0.5477225575051661,0.0,1.0,0.6666666666666666,0.5773502691896258,0.0,0.0,0.0,0.0,0.0,0.0,0.0,0.0,0.0,0.0,0.0,0.0,0.0,0.0,0.0,0.0,0.0,0.0,0.0,0.0,0.0,0.0,0.0,0.0,0.0,0.0,0.0,0.0,0.0,0.0,0.0,0.0,0.0,0.0,0.0,0.0,0.0,0.0,0.0,0.0,0.0,0.0,0.0,0.0,0.0,0.0,0.0,0.0,0.0,2.0,0.7142857142857143,0.9511897312113418,0.0,2.0,0.6,0.8944271909999159,0.0,1.0,0.3333333333333333,0.5773502691896258,0.0,6.0,2.2857142857142856,2.3603873774083297,0.0,5.0,2.0,1.8708286933869707,1.0,2.0,1.6666666666666667,0.5773502691896258,0.0,0.0,0.0,0.0,0.0,0.0,0.0,0.0,0.0,0.0,0.0,0.0,0.0,0.0,0.0,0.0,0.0,0.0,0.0,0.0,0.0,0.0,0.0,0.0,0.0,0.0,0.0,0.0,0.0,0.0,0.0,0.0,0.0,0.0,0.0,0.0,0.0,0.0,0.0,0.0,0.0,0.0,0.0,0.0,0.0,0.0,0.0,0.0,0.0,0.0,0.0,0.0,0.0,0.0,0.0,0.0,0.0,0.0,0.0,0.0,0.0,4.0,0.5714285714285714,1.511857892036909,0.0,0.0,0.0,0.0,0.0,0.0,0.0,0.0,0.0,3.0,1.5714285714285714,0.9759000729485332,1.0,2.0,1.6,0.5477225575051661,1.0,2.0,1.6666666666666667,0.5773502691896257,0.0,6.0,3.857142857142857,2.2677868380553634,3.0,6.0,4.2,1.6431676725154984,3.0,6.0,4.0,1.7320508075688772,0.0,26.0,14.714285714285714,10.177004891982147,7.0,24.0,15.4,8.29457654133109,8.0,24.0,15.333333333333334,8.082903768654761,0,12,3.7142857142857144,5.707138387268052,0.0,12.0,2.8,5.215361924162119,0.0,2.0,0.6666666666666666,1.1547005383792517,3.0,30.0,22.285714285714285,10.562737740350679,12.0,30.0,24.6,7.266360849833981,26.0,29.0,27.0,1.7320508075688772,0.0,0.0,1.0,0.0,0.0,No Defense 
5089.0,1.0,0.0,0.0,0.0,0.0,0.0,0.0,0.0,0.5,0.0,0.0,0.0,0.0,0.0,0.5,0.0,0.0,0.5,0.0,0.0,1.0,0.5,0.7071067811865476,,,,,,,,,0.0,0.0,0.0,0.0,,,,,,,,,0.0,0.0,0.0,0.0,,,,,,,,,0.0,0.0,0.0,0.0,,,,,,,,,0.0,1.0,0.5,0.7071067811865476,,,,,,,,,0.0,0.0,0.0,0.0,,,,,,,,,0.0,0.0,0.0,0.0,,,,,,,,,0.0,0.0,0.0,0.0,,,,,,,,,0.0,0.0,0.0,0.0,,,,,,,,,0.0,1.0,0.5,0.7071067811865476,,,,,,,,,0.0,0.0,0.0,0.0,,,,,,,,,0.0,0.0,0.0,0.0,,,,,,,,,0.0,2.0,1.0,1.4142135623730951,,,,,,,,,0.0,1.0,0.5,0.7071067811865476,,,,,,,,,0.0,12.0,6.0,8.48528137423857,,,,,,,,,2.0,12.0,7.0,7.0710678118654755,,,,,,,,,0,2,1.0,1.4142135623730951,,,,,,,,,12.0,16.0,14.0,2.8284271247461903,,,,,,,,,0.6666666666666666,0.0,1.0,0.0,0.0,No Defense 
5124.0,0.0,0.4,0.2,0.0,0.0,0.0,0.0,0.0,0.0,0.0,0.0,0.0,0.4,0.0,0.4,0.0,0.0,0.0,0.0,0.0,1.0,0.2,0.4472135954999579,0.0,0.0,0.0,0.0,0.0,0.0,0.0,,0.0,0.0,0.0,0.0,0.0,0.0,0.0,0.0,0.0,0.0,0.0,,0.0,0.0,0.0,0.0,0.0,0.0,0.0,0.0,0.0,0.0,0.0,,0.0,0.0,0.0,0.0,0.0,0.0,0.0,0.0,0.0,0.0,0.0,,4.0,9.0,6.8,1.9235384061671346,6.0,8.0,7.0,1.0,7.0,7.0,7.0,,0.0,0.0,0.0,0.0,0.0,0.0,0.0,0.0,0.0,0.0,0.0,,0.0,0.0,0.0,0.0,0.0,0.0,0.0,0.0,0.0,0.0,0.0,,0.0,0.0,0.0,0.0,0.0,0.0,0.0,0.0,0.0,0.0,0.0,,0.0,0.0,0.0,0.0,0.0,0.0,0.0,0.0,0.0,0.0,0.0,,0.0,0.0,0.0,0.0,0.0,0.0,0.0,0.0,0.0,0.0,0.0,,0.0,0.0,0.0,0.0,0.0,0.0,0.0,0.0,0.0,0.0,0.0,,0.0,0.0,0.0,0.0,0.0,0.0,0.0,0.0,0.0,0.0,0.0,,0.0,0.0,0.0,0.0,0.0,0.0,0.0,0.0,0.0,0.0,0.0,,0.0,0.0,0.0,0.0,0.0,0.0,0.0,0.0,0.0,0.0,0.0,,0.0,6.0,2.4,2.5099800796022267,0.0,3.0,2.0,1.7320508075688772,3.0,3.0,3.0,,8.0,18.0,13.6,3.847076812334269,12.0,16.0,14.0,2.0,14.0,14.0,14.0,,0,2,0.8,1.0954451150103321,0.0,2.0,0.6666666666666666,1.1547005383792517,0.0,0.0,0.0,,8.0,24.0,16.8,5.974947698515862,15.0,20.0,17.333333333333332,2.516611478423583,17.0,17.0,17.0,,1.8333333333333333,0.0,1.0,0.0,0.0,No Defense 
5553.0,0.0,0.0,0.5,0.0,0.0,0.0,0.0,0.0,0.0,0.0,0.0,0.0,0.0,0.0,0.5,0.0,0.0,0.0,0.0,0.0,0.0,0.0,0.0,,,,,,,,,0.0,0.0,0.0,0.0,,,,,,,,,0.0,0.0,0.0,0.0,,,,,,,,,0.0,0.0,0.0,0.0,,,,,,,,,0.0,0.0,0.0,0.0,,,,,,,,,0.0,0.0,0.0,0.0,,,,,,,,,0.0,0.0,0.0,0.0,,,,,,,,,0.0,0.0,0.0,0.0,,,,,,,,,0.0,0.0,0.0,0.0,,,,,,,,,0.0,0.0,0.0,0.0,,,,,,,,,0.0,0.0,0.0,0.0,,,,,,,,,0.0,0.0,0.0,0.0,,,,,,,,,0.0,0.0,0.0,0.0,,,,,,,,,0.0,0.0,0.0,0.0,,,,,,,,,0.0,0.0,0.0,0.0,,,,,,,,,0.0,0.0,0.0,0.0,,,,,,,,,0,2,1.0,1.4142135623730951,,,,,,,,,0.0,2.0,1.0,1.4142135623730951,,,,,,,,,0.0,0.0,1.0,0.0,0.0,No Defense 
5669.0,0.0,0.3333333333333333,0.3333333333333333,0.0,0.0,0.0,0.0,0.0,0.0,0.0,0.0,0.0,0.0,0.0,0.0,0.0,0.3333333333333333,0.0,0.0,0.0,0.0,0.0,0.0,0.0,0.0,0.0,,,,,,0.0,0.0,0.0,0.0,0.0,0.0,0.0,,,,,,0.0,0.0,0.0,0.0,0.0,0.0,0.0,,,,,,0.0,0.0,0.0,0.0,0.0,0.0,0.0,,,,,,0.0,0.0,0.0,0.0,0.0,0.0,0.0,,,,,,0.0,0.0,0.0,0.0,0.0,0.0,0.0,,,,,,0.0,0.0,0.0,0.0,0.0,0.0,0.0,,,,,,1.0,2.0,1.6666666666666667,0.5773502691896258,2.0,2.0,2.0,,,,,,0.0,0.0,0.0,0.0,0.0,0.0,0.0,,,,,,0.0,0.0,0.0,0.0,0.0,0.0,0.0,,,,,,0.0,0.0,0.0,0.0,0.0,0.0,0.0,,,,,,0.0,0.0,0.0,0.0,0.0,0.0,0.0,,,,,,0.0,0.0,0.0,0.0,0.0,0.0,0.0,,,,,,0.0,0.0,0.0,0.0,0.0,0.0,0.0,,,,,,3.0,3.0,3.0,0.0,3.0,3.0,3.0,,,,,,5.0,10.0,8.333333333333334,2.886751345948129,10.0,10.0,10.0,,,,,,0,12,4.0,6.928203230275509,0.0,0.0,0.0,,,,,,8.0,25.0,15.333333333333334,8.736894948054106,13.0,13.0,13.0,,,,,,0.0,0.0,1.0,0.0,0.0,No Defense 
5857.0,0.0,0.0,0.0,0.0,0.0,0.0,0.0,0.0,0.0,0.0,0.0,0.0,0.0,0.0,1.0,0.0,0.0,0.0,0.0,0.0,0.0,0.0,,,,,,,,,,0.0,0.0,0.0,,,,,,,,,,0.0,0.0,0.0,,,,,,,,,,0.0,0.0,0.0,,,,,,,,,,0.0,0.0,0.0,,,,,,,,,,0.0,0.0,0.0,,,,,,,,,,0.0,0.0,0.0,,,,,,,,,,1.0,1.0,1.0,,,,,,,,,,0.0,0.0,0.0,,,,,,,,,,0.0,0.0,0.0,,,,,,,,,,0.0,0.0,0.0,,,,,,,,,,0.0,0.0,0.0,,,,,,,,,,0.0,0.0,0.0,,,,,,,,,,0.0,0.0,0.0,,,,,,,,,,3.0,3.0,3.0,,,,,,,,,,5.0,5.0,5.0,,,,,,,,,,2,2,2.0,,,,,,,,,,10.0,10.0,10.0,,,,,,,,,,0.5,0.0,1.0,0.0,0.0,No Defense 
6305.0,0.0,1.0,0.0,0.0,0.0,0.0,0.0,0.0,0.0,0.0,0.0,0.0,0.0,0.0,1.0,0.0,0.0,0.0,0.0,0.0,0.0,0.0,,,,,,,,,,0.0,0.0,0.0,,,,,,,,,,0.0,0.0,0.0,,,,,,,,,,0.0,0.0,0.0,,,,,,,,,,0.0,0.0,0.0,,,,,,,,,,0.0,0.0,0.0,,,,,,,,,,1.0,1.0,1.0,,,,,,,,,,0.0,0.0,0.0,,,,,,,,,,0.0,0.0,0.0,,,,,,,,,,0.0,0.0,0.0,,,,,,,,,,0.0,0.0,0.0,,,,,,,,,,0.0,0.0,0.0,,,,,,,,,,0.0,0.0,0.0,,,,,,,,,,0.0,0.0,0.0,,,,,,,,,,3.0,3.0,3.0,,,,,,,,,,4.0,4.0,4.0,,,,,,,,,,2,2,2.0,,,,,,,,,,9.0,9.0,9.0,,,,,,,,,,1.0,0.0,1.0,0.0,0.0,No Defense 
6658.0,0.0,0.0,1.0,0.0,0.0,0.0,0.0,0.0,0.0,0.0,0.0,0.0,0.0,0.0,1.0,0.0,0.0,0.0,0.0,0.0,0.0,0.0,,,,,,,,,,0.0,0.0,0.0,,,,,,,,,,0.0,0.0,0.0,,,,,,,,,,0.0,0.0,0.0,,,,,,,,,,0.0,0.0,0.0,,,,,,,,,,0.0,0.0,0.0,,,,,,,,,,0.0,0.0,0.0,,,,,,,,,,0.0,0.0,0.0,,,,,,,,,,0.0,0.0,0.0,,,,,,,,,,0.0,0.0,0.0,,,,,,,,,,0.0,0.0,0.0,,,,,,,,,,0.0,0.0,0.0,,,,,,,,,,0.0,0.0,0.0,,,,,,,,,,0.0,0.0,0.0,,,,,,,,,,0.0,0.0,0.0,,,,,,,,,,0.0,0.0,0.0,,,,,,,,,,2,2,2.0,,,,,,,,,,2.0,2.0,2.0,,,,,,,,,,0.0,1.0,1.0,0.0,0.0,No Defense 
6904.0,0.0,0.0,1.0,0.0,0.0,0.0,0.0,0.0,0.0,0.0,0.0,0.0,0.0,0.0,0.0,0.0,0.0,0.0,0.0,0.0,0.0,0.0,,,,,,,,,,0.0,0.0,0.0,,,,,,,,,,0.0,0.0,0.0,,,,,,,,,,0.0,0.0,0.0,,,,,,,,,,0.0,0.0,0.0,,,,,,,,,,0.0,0.0,0.0,,,,,,,,,,0.0,0.0,0.0,,,,,,,,,,0.0,0.0,0.0,,,,,,,,,,0.0,0.0,0.0,,,,,,,,,,0.0,0.0,0.0,,,,,,,,,,0.0,0.0,0.0,,,,,,,,,,0.0,0.0,0.0,,,,,,,,,,0.0,0.0,0.0,,,,,,,,,,0.0,0.0,0.0,,,,,,,,,,3.0,3.0,3.0,,,,,,,,,,0.0,0.0,0.0,,,,,,,,,,0,0,0.0,,,,,,,,,,3.0,3.0,3.0,,,,,,,,,,,,0,0,0,No Defense Some Defense Full Defense
7840.0,0.3333333333333333,0.0,0.3333333333333333,0.0,0.0,0.3333333333333333,0.0,0.0,0.0,0.3333333333333333,0.0,0.0,0.0,0.3333333333333333,0.0,0.0,0.6666666666666666,0.0,0.3333333333333333,0.0,1.0,0.3333333333333333,0.5773502691896258,0.0,0.0,0.0,,,,,,0.0,0.0,0.0,0.0,0.0,0.0,0.0,,,,,,0.0,0.0,0.0,0.0,0.0,0.0,0.0,,,,,,0.0,1.0,0.6666666666666666,0.5773502691896258,1.0,1.0,1.0,,,,,,0.0,0.0,0.0,0.0,0.0,0.0,0.0,,,,,,0.0,0.0,0.0,0.0,0.0,0.0,0.0,,,,,,0.0,2.0,1.0,1.0,1.0,1.0,1.0,,,,,,3.0,7.0,5.0,2.0,5.0,5.0,5.0,,,,,,0.0,0.0,0.0,0.0,0.0,0.0,0.0,,,,,,0.0,0.0,0.0,0.0,0.0,0.0,0.0,,,,,,0.0,0.0,0.0,0.0,0.0,0.0,0.0,,,,,,0.0,0.0,0.0,0.0,0.0,0.0,0.0,,,,,,0.0,0.0,0.0,0.0,0.0,0.0,0.0,,,,,,0.0,2.0,1.0,1.0,1.0,1.0,1.0,,,,,,6.0,10.0,7.666666666666667,2.081665999466133,7.0,7.0,7.0,,,,,,23.0,35.0,29.0,6.0,29.0,29.0,29.0,,,,,,0,12,8.0,6.928203230275509,12.0,12.0,12.0,,,,,,35.0,54.0,44.666666666666664,9.50438495292217,45.0,45.0,45.0,,,,,,0.0,0.0,1.0,0.0,0.0,No Defense 
8861.0,0.0,0.5,0.0,0.0,0.0,0.0,0.0,0.0,0.0,0.0,0.0,0.0,0.0,0.0,0.0,0.0,0.0,0.0,0.0,0.0,0.0,0.0,0.0,,,,,,,,,0.0,0.0,0.0,0.0,,,,,,,,,0.0,0.0,0.0,0.0,,,,,,,,,0.0,0.0,0.0,0.0,,,,,,,,,0.0,0.0,0.0,0.0,,,,,,,,,0.0,0.0,0.0,0.0,,,,,,,,,0.0,3.0,1.5,2.1213203435596424,,,,,,,,,0.0,1.0,0.5,0.7071067811865476,,,,,,,,,0.0,0.0,0.0,0.0,,,,,,,,,0.0,0.0,0.0,0.0,,,,,,,,,0.0,0.0,0.0,0.0,,,,,,,,,0.0,0.0,0.0,0.0,,,,,,,,,0.0,0.0,0.0,0.0,,,,,,,,,0.0,0.0,0.0,0.0,,,,,,,,,0.0,0.0,0.0,0.0,,,,,,,,,0.0,17.0,8.5,12.020815280171307,,,,,,,,,0,0,0.0,0.0,,,,,,,,,0.0,17.0,8.5,12.020815280171307,,,,,,,,,,,0,0,0,No Defense Some Defense Full Defense
8898.0,0.0,1.0,0.0,0.0,0.0,0.0,0.0,0.0,0.0,0.0,0.0,0.0,0.0,0.0,0.0,0.0,0.0,0.0,0.0,0.0,0.0,0.0,,,,,,,,,,0.0,0.0,0.0,,,,,,,,,,0.0,0.0,0.0,,,,,,,,,,0.0,0.0,0.0,,,,,,,,,,1.0,1.0,1.0,,,,,,,,,,0.0,0.0,0.0,,,,,,,,,,0.0,0.0,0.0,,,,,,,,,,0.0,0.0,0.0,,,,,,,,,,0.0,0.0,0.0,,,,,,,,,,0.0,0.0,0.0,,,,,,,,,,0.0,0.0,0.0,,,,,,,,,,0.0,0.0,0.0,,,,,,,,,,0.0,0.0,0.0,,,,,,,,,,0.0,0.0,0.0,,,,,,,,,,3.0,3.0,3.0,,,,,,,,,,2.0,2.0,2.0,,,,,,,,,,0,0,0.0,,,,,,,,,,5.0,5.0,5.0,,,,,,,,,,,,0,0,0,No Defense Some Defense Full Defense
9408.0,0.0,0.25,0.25,0.0,0.25,0.25,0.0,0.0,0.0,0.0,0.0,0.25,0.0,0.0,0.25,0.0,0.25,0.0,0.25,0.0,0.0,0.0,0.0,0.0,0.0,0.0,0.0,,,,,0.0,0.0,0.0,0.0,0.0,0.0,0.0,0.0,,,,,0.0,0.0,0.0,0.0,0.0,0.0,0.0,0.0,,,,,0.0,3.0,1.25,1.2583057392117916,1.0,1.0,1.0,0.0,,,,,0.0,1.0,0.25,0.5,0.0,0.0,0.0,0.0,,,,,0.0,2.0,0.5,1.0,0.0,0.0,0.0,0.0,,,,,0.0,6.0,2.25,2.8722813232690143,0.0,3.0,1.5,2.1213203435596424,,,,,3.0,5.0,4.25,0.9574271077563381,4.0,5.0,4.5,0.7071067811865476,,,,,0.0,0.0,0.0,0.0,0.0,0.0,0.0,0.0,,,,,0.0,0.0,0.0,0.0,0.0,0.0,0.0,0.0,,,,,0.0,0.0,0.0,0.0,0.0,0.0,0.0,0.0,,,,,0.0,2.0,0.75,0.9574271077563381,0.0,1.0,0.5,0.7071067811865476,,,,,0.0,0.0,0.0,0.0,0.0,0.0,0.0,0.0,,,,,0.0,2.0,0.5,1.0,0.0,0.0,0.0,0.0,,,,,3.0,24.0,10.25,9.358596760910972,7.0,7.0,7.0,0.0,,,,,15.0,65.0,35.25,21.79258283606298,24.0,37.0,30.5,9.192388155425117,,,,,0,12,3.5,5.7445626465380295,0.0,2.0,1.0,1.4142135623730951,,,,,31.0,84.0,49.0,23.790754506740637,39.0,42.0,40.5,2.1213203435596424,,,,,0.0,0.0,1.0,0.0,0.0,No Defense 
9505.0,1.0,0.0,0.0,0.0,0.0,0.0,0.0,0.0,0.0,0.0,0.0,0.0,0.0,0.0,0.0,0.0,0.0,0.0,0.0,0.0,0.0,0.0,,,,,,,,,,0.0,0.0,0.0,,,,,,,,,,0.0,0.0,0.0,,,,,,,,,,0.0,0.0,0.0,,,,,,,,,,0.0,0.0,0.0,,,,,,,,,,0.0,0.0,0.0,,,,,,,,,,0.0,0.0,0.0,,,,,,,,,,0.0,0.0,0.0,,,,,,,,,,0.0,0.0,0.0,,,,,,,,,,0.0,0.0,0.0,,,,,,,,,,0.0,0.0,0.0,,,,,,,,,,0.0,0.0,0.0,,,,,,,,,,0.0,0.0,0.0,,,,,,,,,,0.0,0.0,0.0,,,,,,,,,,0.0,0.0,0.0,,,,,,,,,,0.0,0.0,0.0,,,,,,,,,,0,0,0.0,,,,,,,,,,0.0,0.0,0.0,,,,,,,,,,0.0,0.0,1.0,0.0,0.0,No Defense 
9615.0,0.6666666666666666,0.0,0.0,0.0,0.0,0.0,0.0,0.0,0.0,0.0,0.0,0.0,0.0,0.0,0.6666666666666666,0.0,0.3333333333333333,0.0,0.0,0.0,0.0,0.0,0.0,0.0,0.0,0.0,,,,,,0.0,0.0,0.0,0.0,0.0,0.0,0.0,,,,,,0.0,0.0,0.0,0.0,0.0,0.0,0.0,,,,,,0.0,0.0,0.0,0.0,0.0,0.0,0.0,,,,,,0.0,1.0,0.3333333333333333,0.5773502691896258,0.0,0.0,0.0,,,,,,0.0,0.0,0.0,0.0,0.0,0.0,0.0,,,,,,0.0,1.0,0.3333333333333333,0.5773502691896258,0.0,0.0,0.0,,,,,,0.0,1.0,0.3333333333333333,0.5773502691896258,0.0,0.0,0.0,,,,,,0.0,0.0,0.0,0.0,0.0,0.0,0.0,,,,,,0.0,0.0,0.0,0.0,0.0,0.0,0.0,,,,,,0.0,0.0,0.0,0.0,0.0,0.0,0.0,,,,,,0.0,0.0,0.0,0.0,0.0,0.0,0.0,,,,,,0.0,0.0,0.0,0.0,0.0,0.0,0.0,,,,,,0.0,1.0,0.6666666666666666,0.5773502691896258,1.0,1.0,1.0,,,,,,0.0,0.0,0.0,0.0,0.0,0.0,0.0,,,,,,0.0,6.0,3.6666666666666665,3.214550253664318,5.0,5.0,5.0,,,,,,2,12,5.333333333333333,5.773502691896257,2.0,2.0,2.0,,,,,,2.0,17.0,9.0,7.54983443527075,8.0,8.0,8.0,,,,,,0.0,0.0,1.0,0.0,0.0,No Defense 
10424.0,0.0,0.0,1.0,0.0,0.0,0.0,0.0,0.0,0.0,0.0,0.0,0.0,0.0,0.0,0.5,0.0,0.0,0.0,0.0,0.0,0.0,0.0,0.0,,,,,,,,,0.0,0.0,0.0,0.0,,,,,,,,,0.0,0.0,0.0,0.0,,,,,,,,,0.0,0.0,0.0,0.0,,,,,,,,,0.0,0.0,0.0,0.0,,,,,,,,,0.0,0.0,0.0,0.0,,,,,,,,,0.0,0.0,0.0,0.0,,,,,,,,,0.0,0.0,0.0,0.0,,,,,,,,,0.0,0.0,0.0,0.0,,,,,,,,,0.0,0.0,0.0,0.0,,,,,,,,,0.0,0.0,0.0,0.0,,,,,,,,,0.0,0.0,0.0,0.0,,,,,,,,,0.0,0.0,0.0,0.0,,,,,,,,,0.0,0.0,0.0,0.0,,,,,,,,,3.0,3.0,3.0,0.0,,,,,,,,,0.0,0.0,0.0,0.0,,,,,,,,,0,2,1.0,1.4142135623730951,,,,,,,,,3.0,5.0,4.0,1.4142135623730951,,,,,,,,,0.0,0.5,1.0,0.0,0.0,No Defense 
10597.0,0.5,0.5,0.0,0.0,0.0,0.0,0.0,0.0,0.0,0.0,0.0,0.0,0.0,0.0,1.0,0.0,0.0,0.0,0.0,0.0,0.0,0.0,0.0,,,,,,,,,0.0,0.0,0.0,0.0,,,,,,,,,0.0,0.0,0.0,0.0,,,,,,,,,0.0,0.0,0.0,0.0,,,,,,,,,0.0,3.0,1.5,2.1213203435596424,,,,,,,,,0.0,0.0,0.0,0.0,,,,,,,,,0.0,0.0,0.0,0.0,,,,,,,,,0.0,0.0,0.0,0.0,,,,,,,,,0.0,0.0,0.0,0.0,,,,,,,,,0.0,0.0,0.0,0.0,,,,,,,,,0.0,0.0,0.0,0.0,,,,,,,,,0.0,0.0,0.0,0.0,,,,,,,,,0.0,0.0,0.0,0.0,,,,,,,,,0.0,0.0,0.0,0.0,,,,,,,,,0.0,0.0,0.0,0.0,,,,,,,,,0.0,6.0,3.0,4.242640687119285,,,,,,,,,2,2,2.0,0.0,,,,,,,,,2.0,8.0,5.0,4.242640687119285,,,,,,,,,0.0,0.0,1.0,0.0,0.0,No Defense 
